dateOpened,riverName,stationReference,status,lat,stageScale,measures,easting,catchmentName,town,downstageScale,long,notation,RLOIid,northing,@id,wiskiID,label
1983-01-01,River Thames,3400TH,http://environment.data.gov.uk/flood-monitoring/def/core/statusActive,51.415005,http://environment.data.gov.uk/flood-monitoring/id/stations/3400TH/stageScale,"[{'@id': 'http://environment.data.gov.uk/flood-monitoring/id/measures/3400TH-flow--Mean-15_min-m3_s', 'parameter': 'flow', 'parameterName': 'Flow', 'period': 900, 'qualifier': '', 'unitName': 'm3/s'}, {'@id': 'http://environment.data.gov.uk/flood-monitoring/id/measures/3400TH-flow--i-15_min-m3_s', 'parameter': 'flow', 'parameterName': 'Flow', 'period': 900, 'qualifier': '', 'unitName': 'm3/s'}, {'@id': 'http://environment.data.gov.uk/flood-monitoring/id/measures/3400TH-level-stage-i-15_min-mAOD', 'parameter': 'level', 'parameterName': 'Water Level', 'period': 900, 'qualifier': 'Stage', 'unitName': 'mAOD'}]",517700,Thames from Hurley to Teddington,Kingston Upon Thames,,-0.308869,3400TH,7267,169800,http://environment.data.gov.uk/flood-monitoring/id/stations/3400TH,3400TH,Kingston
1997-01-01,River Thames,2607TH,http://environment.data.gov.uk/flood-monitoring/def/core/statusActive,51.509305,http://environment.data.gov.uk/flood-monitoring/id/stations/2607TH/stageScale,"[{'@id': 'http://environment.data.gov.uk/flood-monitoring/id/measures/2607TH-level-downstage-i-15_min----', 'parameter': 'level', 'parameterName': 'Water Level', 'period': 900, 'qualifier': 'Downstream Stage', 'unitName': '---'}, {'@id': 'http://environment.data.gov.uk/flood-monitoring/id/measures/2607TH-level-downstage-i-15_min-mASD', 'parameter': 'level', 'parameterName': 'Water Level', 'period': 900, 'qualifier': 'Downstream Stage', 'unitName': 'mASD'}, {'@id': 'http://environment.data.gov.uk/flood-monitoring/id/measures/2607TH-level-stage-i-15_min-mASD', 'parameter': 'level', 'parameterName': 'Water Level', 'period': 900, 'qualifier': 'Stage', 'unitName': 'mASD'}]",490987,Thames from Hurley to Teddington,Bray,http://environment.data.gov.uk/flood-monitoring/id/stations/2607TH/downstageScale,-0.69032,2607TH,7166,179744,http://environment.data.gov.uk/flood-monitoring/id/stations/2607TH,2607TH,Bray Lock
1985-01-01,River Thames,2902TH,http://environment.data.gov.uk/flood-monitoring/def/core/statusActive,51.390617,http://environment.data.gov.uk/flood-monitoring/id/stations/2902TH/stageScale,"[{'@id': 'http://environment.data.gov.uk/flood-monitoring/id/measures/2902TH-level-downstage-i-15_min-mASD', 'parameter': 'level', 'parameterName': 'Water Level', 'period': 900, 'qualifier': 'Downstream Stage', 'unitName': 'mASD'}, {'@id': 'http://environment.data.gov.uk/flood-monitoring/id/measures/2902TH-level-stage-i-15_min-mASD', 'parameter': 'level', 'parameterName': 'Water Level', 'period': 900, 'qualifier': 'Stage', 'unitName': 'mASD'}]",505413,Thames from Hurley to Teddington,Chertsey,http://environment.data.gov.uk/flood-monitoring/id/stations/2902TH/downstageScale,-0.48637,2902TH,7215,166818,http://environment.data.gov.uk/flood-monitoring/id/stations/2902TH,2902TH,Chertsey Lock
1991-01-01,River Thames,2200TH,http://environment.data.gov.uk/flood-monitoring/def/core/statusActive,51.461325,http://environment.data.gov.uk/flood-monitoring/id/stations/2200TH/stageScale,"[{'@id': 'http://environment.data.gov.uk/flood-monitoring/id/measures/2200TH-flow--Mean-15_min-m3_s', 'parameter': 'flow', 'parameterName': 'Flow', 'period': 900, 'qualifier': '', 'unitName': 'm3/s'}, {'@id': 'http://environment.data.gov.uk/flood-monitoring/id/measures/2200TH-level-stage-i-15_min----', 'parameter': 'level', 'parameterName': 'Water Level', 'period': 900, 'qualifier': 'Stage', 'unitName': '---'}, {'@id': 'http://environment.data.gov.uk/flood-monitoring/id/measures/2200TH-level-stage-i-15_min-mASD', 'parameter': 'level', 'parameterName': 'Water Level', 'period': 900, 'qualifier': 'Stage', 'unitName': 'mASD'}, {'@id': 'http://environment.data.gov.uk/flood-monitoring/id/measures/2200TH-level-stage-i-15_min-m_s', 'parameter': 'level', 'parameterName': 'Water Level', 'period': 900, 'qualifier': 'Stage', 'unitName': 'm/s'}]",471800,Cherwell Thame and Wye,Reading,,-0.967884,2200TH,7110,174100,http://environment.data.gov.uk/flood-monitoring/id/stations/2200TH,2200TH,Reading
1995-01-01,River Thames,1501TH,http://environment.data.gov.uk/flood-monitoring/def/core/statusActive,51.72955,http://environment.data.gov.uk/flood-monitoring/id/stations/1501TH/stageScale,"[{'@id': 'http://environment.data.gov.uk/flood-monitoring/id/measures/1501TH-level-downstage-i-15_min----', 'parameter': 'level', 'parameterName': 'Water Level', 'period': 900, 'qualifier': 'Downstream Stage', 'unitName': '---'}, {'@id': 'http://environment.data.gov.uk/flood-monitoring/id/measures/1501TH-level-downstage-i-15_min-mASD', 'parameter': 'level', 'parameterName': 'Water Level', 'period': 900, 'qualifier': 'Downstream Stage', 'unitName': 'mASD'}, {'@id': 'http://environment.data.gov.uk/flood-monitoring/id/measures/1501TH-level-stage-i-15_min----', 'parameter': 'level', 'parameterName': 'Water Level', 'period': 900, 'qualifier': 'Stage', 'unitName': '---'}, {'@id': 'http://environment.data.gov.uk/flood-monitoring/id/measures/1501TH-level-stage-i-15_min-mASD', 'parameter': 'level', 'parameterName': 'Water Level', 'period': 900, 'qualifier': 'Stage', 'unitName': 'mASD'}]",452600,Cherwell Thame and Wye,Kennington,http://environment.data.gov.uk/flood-monitoring/id/stations/1501TH/downstageScale,-1.239792,1501TH,7072,203700,http://environment.data.gov.uk/flood-monitoring/id/stations/1501TH,1501TH,Iffley Lock
1986-01-01,River Thames,0130TH,http://environment.data.gov.uk/flood-monitoring/def/core/statusActive,51.674733,http://environment.data.gov.uk/flood-monitoring/id/stations/0130TH/stageScale,"[{'@id': 'http://environment.data.gov.uk/flood-monitoring/id/measures/0130TH-level-downstage-i-15_min-mASD', 'parameter': 'level', 'parameterName': 'Water Level', 'period': 900, 'qualifier': 'Downstream Stage', 'unitName': 'mASD'}, {'@id': 'http://environment.data.gov.uk/flood-monitoring/id/measures/0130TH-level-stage-i-15_min-mASD', 'parameter': 'level', 'parameterName': 'Water Level', 'period': 900, 'qualifier': 'Stage', 'unitName': 'mASD'}]",400760,Cotswolds,Ewen,,-1.9904,0130TH,7010,197330,http://environment.data.gov.uk/flood-monitoring/id/stations/0130TH,0130TH,Ewen
1986-01-01,River Thames,0190TH,http://environment.data.gov.uk/flood-monitoring/def/core/statusActive,51.646694,http://environment.data.gov.uk/flood-monitoring/id/stations/0190TH/stageScale,"[{'@id': 'http://environment.data.gov.uk/flood-monitoring/id/measures/0190TH-level-downstage-i-15_min-mASD', 'parameter': 'level', 'parameterName': 'Water Level', 'period': 900, 'qualifier': 'Downstream Stage', 'unitName': 'mASD'}, {'@id': 'http://environment.data.gov.uk/flood-monitoring/id/measures/0190TH-level-stage-i-15_min-mASD', 'parameter': 'level', 'parameterName': 'Water Level', 'period': 900, 'qualifier': 'Stage', 'unitName': 'mASD'}]",409400,Cotswolds,Cricklade,,-1.865536,0190TH,7014,194220,http://environment.data.gov.uk/flood-monitoring/id/stations/0190TH,0190TH,Cricklade
1997-01-01,River Thames,1302TH,http://environment.data.gov.uk/flood-monitoring/def/core/statusActive,51.776669,http://environment.data.gov.uk/flood-monitoring/id/stations/1302TH/stageScale,"[{'@id': 'http://environment.data.gov.uk/flood-monitoring/id/measures/1302TH-level-downstage-i-15_min----', 'parameter': 'level', 'parameterName': 'Water Level', 'period': 900, 'qualifier': 'Downstream Stage', 'unitName': '---'}, {'@id': 'http://environment.data.gov.uk/flood-monitoring/id/measures/1302TH-level-downstage-i-15_min-mASD', 'parameter': 'level', 'parameterName': 'Water Level', 'period': 900, 'qualifier': 'Downstream Stage', 'unitName': 'mASD'}, {'@id': 'http://environment.data.gov.uk/flood-monitoring/id/measures/1302TH-level-stage-i-15_min----', 'parameter': 'level', 'parameterName': 'Water Level', 'period': 900, 'qualifier': 'Stage', 'unitName': '---'}, {'@id': 'http://environment.data.gov.uk/flood-monitoring/id/measures/1302TH-level-stage-i-15_min-mASD', 'parameter': 'level', 'parameterName': 'Water Level', 'period': 900, 'qualifier': 'Stage', 'unitName': 'mASD'}]",448500,Vale of White Horse,Wytham,http://environment.data.gov.uk/flood-monitoring/id/stations/1302TH/downstageScale,-1.298428,1302TH,7056,208900,http://environment.data.gov.uk/flood-monitoring/id/stations/1302TH,1302TH,Godstow Lock
2003-01-01,River Thames,3404TH,http://environment.data.gov.uk/flood-monitoring/def/core/statusActive,51.423993,http://environment.data.gov.uk/flood-monitoring/id/stations/3404TH/stageScale,"[{'@id': 'http://environment.data.gov.uk/flood-monitoring/id/measures/3404TH-level-stage-i-15_min----', 'parameter': 'level', 'parameterName': 'Water Level', 'period': 900, 'qualifier': 'Stage', 'unitName': '---'}, {'@id': 'http://environment.data.gov.uk/flood-monitoring/id/measures/3404TH-level-stage-i-15_min-mAOD', 'parameter': 'level', 'parameterName': 'Water Level', 'period': 900, 'qualifier': 'Stage', 'unitName': 'mAOD'}]",517700,Thames from Hurley to Teddington,Trowlock Island,,-0.308538,3404TH,7269,170800,http://environment.data.gov.uk/flood-monitoring/id/stations/3404TH,3404TH,Trowlock Island
1995-01-01,River Thames,2003TH,http://environment.data.gov.uk/flood-monitoring/def/core/statusActive,51.523317,http://environment.data.gov.uk/flood-monitoring/id/stations/2003TH/stageScale,"[{'@id': 'http://environment.data.gov.uk/flood-monitoring/id/measures/2003TH-level-downstage-i-15_min----', 'parameter': 'level', 'parameterName': 'Water Level', 'period': 900, 'qualifier': 'Downstream Stage', 'unitName': '---'}, {'@id': 'http://environment.data.gov.uk/flood-monitoring/id/measures/2003TH-level-downstage-i-15_min-mASD', 'parameter': 'level', 'parameterName': 'Water Level', 'period': 900, 'qualifier': 'Downstream Stage', 'unitName': 'mASD'}, {'@id': 'http://environment.data.gov.uk/flood-monitoring/id/measures/2003TH-level-stage-i-15_min----', 'parameter': 'level', 'parameterName': 'Water Level', 'period': 900, 'qualifier': 'Stage', 'unitName': '---'}, {'@id': 'http://environment.data.gov.uk/flood-monitoring/id/measures/2003TH-level-stage-i-15_min-mASD', 'parameter': 'level', 'parameterName': 'Water Level', 'period': 900, 'qualifier': 'Stage', 'unitName': 'mASD'}]",459675,Cherwell Thame and Wye,Streatley,http://environment.data.gov.uk/flood-monitoring/id/stations/2003TH/downstageScale,-1.141252,2003TH,7101,180839,http://environment.data.gov.uk/flood-monitoring/id/stations/2003TH,2003TH,Goring Lock
1995-01-01,River Thames,1099TH,http://environment.data.gov.uk/flood-monitoring/def/core/statusActive,51.716858,http://environment.data.gov.uk/flood-monitoring/id/stations/1099TH/stageScale,"[{'@id': 'http://environment.data.gov.uk/flood-monitoring/id/measures/1099TH-level-downstage-i-15_min----', 'parameter': 'level', 'parameterName': 'Water Level', 'period': 900, 'qualifier': 'Downstream Stage', 'unitName': '---'}, {'@id': 'http://environment.data.gov.uk/flood-monitoring/id/measures/1099TH-level-downstage-i-15_min-mASD', 'parameter': 'level', 'parameterName': 'Water Level', 'period': 900, 'qualifier': 'Downstream Stage', 'unitName': 'mASD'}, {'@id': 'http://environment.data.gov.uk/flood-monitoring/id/measures/1099TH-level-stage-i-15_min----', 'parameter': 'level', 'parameterName': 'Water Level', 'period': 900, 'qualifier': 'Stage', 'unitName': '---'}, {'@id': 'http://environment.data.gov.uk/flood-monitoring/id/measures/1099TH-level-stage-i-15_min-mASD', 'parameter': 'level', 'parameterName': 'Water Level', 'period': 900, 'qualifier': 'Stage', 'unitName': 'mASD'}]",443300,Cotswolds,Appleton,http://environment.data.gov.uk/flood-monitoring/id/stations/1099TH/downstageScale,-1.374624,1099TH,7046,202200,http://environment.data.gov.uk/flood-monitoring/id/stations/1099TH,1099TH,Northmoor Lock
1996-07-03,River Thames,3102TH,http://environment.data.gov.uk/flood-monitoring/def/core/statusActive,51.406476,http://environment.data.gov.uk/flood-monitoring/id/stations/3102TH/stageScale,"[{'@id': 'http://environment.data.gov.uk/flood-monitoring/id/measures/3102TH-level-downstage-i-15_min----', 'parameter': 'level', 'parameterName': 'Water Level', 'period': 900, 'qualifier': 'Downstream Stage', 'unitName': '---'}, {'@id': 'http://environment.data.gov.uk/flood-monitoring/id/measures/3102TH-level-downstage-i-15_min-mASD', 'parameter': 'level', 'parameterName': 'Water Level', 'period': 900, 'qualifier': 'Downstream Stage', 'unitName': 'mASD'}, {'@id': 'http://environment.data.gov.uk/flood-monitoring/id/measures/3102TH-level-stage-i-15_min----', 'parameter': 'level', 'parameterName': 'Water Level', 'period': 900, 'qualifier': 'Stage', 'unitName': '---'}, {'@id': 'http://environment.data.gov.uk/flood-monitoring/id/measures/3102TH-level-stage-i-15_min-mASD', 'parameter': 'level', 'parameterName': 'Water Level', 'period': 900, 'qualifier': 'Stage', 'unitName': 'mASD'}]",514892,Thames from Hurley to Teddington,East Molesey,http://environment.data.gov.uk/flood-monitoring/id/stations/3102TH/downstageScale,-0.349558,3102TH,7395,168787,http://environment.data.gov.uk/flood-monitoring/id/stations/3102TH,3102TH,Molesey Lock
1995-01-01,River Thames,0701TH,http://environment.data.gov.uk/flood-monitoring/def/core/statusActive,51.68931,http://environment.data.gov.uk/flood-monitoring/id/stations/0701TH/stageScale,"[{'@id': 'http://environment.data.gov.uk/flood-monitoring/id/measures/0701TH-level-downstage-i-15_min-mASD', 'parameter': 'level', 'parameterName': 'Water Level', 'period': 900, 'qualifier': 'Downstream Stage', 'unitName': 'mASD'}, {'@id': 'http://environment.data.gov.uk/flood-monitoring/id/measures/0701TH-level-stage-i-15_min----', 'parameter': 'level', 'parameterName': 'Water Level', 'period': 900, 'qualifier': 'Stage', 'unitName': '---'}, {'@id': 'http://environment.data.gov.uk/flood-monitoring/id/measures/0701TH-level-stage-i-15_min-mASD', 'parameter': 'level', 'parameterName': 'Water Level', 'period': 900, 'qualifier': 'Stage', 'unitName': 'mASD'}]",422300,Cotswolds,Lechlade On Thames,http://environment.data.gov.uk/flood-monitoring/id/stations/0701TH/downstageScale,-1.678796,0701TH,7027,199000,http://environment.data.gov.uk/flood-monitoring/id/stations/0701TH,0701TH,St Johns Lock
1983-01-01,River Thames,1800TH,http://environment.data.gov.uk/flood-monitoring/def/core/statusActive,51.647821,http://environment.data.gov.uk/flood-monitoring/id/stations/1800TH/stageScale,"[{'@id': 'http://environment.data.gov.uk/flood-monitoring/id/measures/1800TH-flow--Mean-15_min-m3_s', 'parameter': 'flow', 'parameterName': 'Flow', 'period': 900, 'qualifier': '', 'unitName': 'm3/s'}, {'@id': 'http://environment.data.gov.uk/flood-monitoring/id/measures/1800TH-flow--i-15_min-m3_s', 'parameter': 'flow', 'parameterName': 'Flow', 'period': 900, 'qualifier': '', 'unitName': 'm3/s'}, {'@id': 'http://environment.data.gov.uk/flood-monitoring/id/measures/1800TH-level-stage-i-15_min-mASD', 'parameter': 'level', 'parameterName': 'Water Level', 'period': 900, 'qualifier': 'Stage', 'unitName': 'mASD'}]",451700,Vale of White Horse,Culham,,-1.254167,1800TH,7084,194600,http://environment.data.gov.uk/flood-monitoring/id/stations/1800TH,1800TH,Sutton Courtenay
2002-01-01,River Thames,2604TH,http://environment.data.gov.uk/flood-monitoring/def/core/statusActive,51.524146,http://environment.data.gov.uk/flood-monitoring/id/stations/2604TH/stageScale,"[{'@id': 'http://environment.data.gov.uk/flood-monitoring/id/measures/2604TH-flow--i-15_min-m3_s', 'parameter': 'flow', 'parameterName': 'Flow', 'period': 900, 'qualifier': '', 'unitName': 'm3/s'}, {'@id': 'http://environment.data.gov.uk/flood-monitoring/id/measures/2604TH-level-stage-i-15_min-mASD', 'parameter': 'level', 'parameterName': 'Water Level', 'period': 900, 'qualifier': 'Stage', 'unitName': 'mASD'}]",490140,Thames from Hurley to Teddington,Taplow,,-0.702103,2604TH,7165,181380,http://environment.data.gov.uk/flood-monitoring/id/stations/2604TH,2604TH,Maidenhead
2002-01-01,River Thames,0902TH,http://environment.data.gov.uk/flood-monitoring/def/core/statusActive,51.699764,http://environment.data.gov.uk/flood-monitoring/id/stations/0902TH/stageScale,"[{'@id': 'http://environment.data.gov.uk/flood-monitoring/id/measures/0902TH-level-downstage-i-15_min----', 'parameter': 'level', 'parameterName': 'Water Level', 'period': 900, 'qualifier': 'Downstream Stage', 'unitName': '---'}, {'@id': 'http://environment.data.gov.uk/flood-monitoring/id/measures/0902TH-level-downstage-i-15_min-mASD', 'parameter': 'level', 'parameterName': 'Water Level', 'period': 900, 'qualifier': 'Downstream Stage', 'unitName': 'mASD'}, {'@id': 'http://environment.data.gov.uk/flood-monitoring/id/measures/0902TH-level-stage-i-15_min----', 'parameter': 'level', 'parameterName': 'Water Level', 'period': 900, 'qualifier': 'Stage', 'unitName': '---'}, {'@id': 'http://environment.data.gov.uk/flood-monitoring/id/measures/0902TH-level-stage-i-15_min-mASD', 'parameter': 'level', 'parameterName': 'Water Level', 'period': 900, 'qualifier': 'Stage', 'unitName': 'mASD'}]",429600,Vale of White Horse,Radcot,http://environment.data.gov.uk/flood-monitoring/id/stations/0902TH/downstageScale,-1.573094,0902TH,7036,200200,http://environment.data.gov.uk/flood-monitoring/id/stations/0902TH,0902TH,Radcot Lock
2000-01-01,River Thames,2302TH,http://environment.data.gov.uk/flood-monitoring/def/core/statusActive,51.501042,http://environment.data.gov.uk/flood-monitoring/id/stations/2302TH/stageScale,"[{'@id': 'http://environment.data.gov.uk/flood-monitoring/id/measures/2302TH-level-downstage-i-15_min----', 'parameter': 'level', 'parameterName': 'Water Level', 'period': 900, 'qualifier': 'Downstream Stage', 'unitName': '---'}, {'@id': 'http://environment.data.gov.uk/flood-monitoring/id/measures/2302TH-level-downstage-i-15_min-mASD', 'parameter': 'level', 'parameterName': 'Water Level', 'period': 900, 'qualifier': 'Downstream Stage', 'unitName': 'mASD'}, {'@id': 'http://environment.data.gov.uk/flood-monitoring/id/measures/2302TH-level-stage-i-15_min----', 'parameter': 'level', 'parameterName': 'Water Level', 'period': 900, 'qualifier': 'Stage', 'unitName': '---'}, {'@id': 'http://environment.data.gov.uk/flood-monitoring/id/measures/2302TH-level-stage-i-15_min-mASD', 'parameter': 'level', 'parameterName': 'Water Level', 'period': 900, 'qualifier': 'Stage', 'unitName': 'mASD'}]",477400,Cherwell Thame and Wye,Lower Shiplake,http://environment.data.gov.uk/flood-monitoring/id/stations/2302TH/downstageScale,-0.886307,2302TH,7133,178600,http://environment.data.gov.uk/flood-monitoring/id/stations/2302TH,2302TH,Shiplake Lock
1988-01-01,River Thames,3401TH,http://environment.data.gov.uk/flood-monitoring/def/core/statusActive,51.429566,http://environment.data.gov.uk/flood-monitoring/id/stations/3401TH/stageScale,"[{'@id': 'http://environment.data.gov.uk/flood-monitoring/id/measures/3401TH-level-downstage-i-15_min----', 'parameter': 'level', 'parameterName': 'Water Level', 'period': 900, 'qualifier': 'Downstream Stage', 'unitName': '---'}, {'@id': 'http://environment.data.gov.uk/flood-monitoring/id/measures/3401TH-level-downstage-i-15_min-mASD', 'parameter': 'level', 'parameterName': 'Water Level', 'period': 900, 'qualifier': 'Downstream Stage', 'unitName': 'mASD'}, {'@id': 'http://environment.data.gov.uk/flood-monitoring/id/measures/3401TH-level-stage-i-15_min-mASD', 'parameter': 'level', 'parameterName': 'Water Level', 'period': 900, 'qualifier': 'Stage', 'unitName': 'mASD'}]",516999,Thames from Hurley to Teddington,Teddington,http://environment.data.gov.uk/flood-monitoring/id/stations/3401TH/downstageScale,-0.318416,3401TH,7268,171404,http://environment.data.gov.uk/flood-monitoring/id/stations/3401TH,3401TH,Teddington Lock
2006-01-01,River Thames,2497TH,http://environment.data.gov.uk/flood-monitoring/def/core/statusActive,51.55135,http://environment.data.gov.uk/flood-monitoring/id/stations/2497TH/stageScale,"[{'@id': 'http://environment.data.gov.uk/flood-monitoring/id/measures/2497TH-level-downstage-i-15_min----', 'parameter': 'level', 'parameterName': 'Water Level', 'period': 900, 'qualifier': 'Downstream Stage', 'unitName': '---'}, {'@id': 'http://environment.data.gov.uk/flood-monitoring/id/measures/2497TH-level-downstage-i-15_min-mASD', 'parameter': 'level', 'parameterName': 'Water Level', 'period': 900, 'qualifier': 'Downstream Stage', 'unitName': 'mASD'}, {'@id': 'http://environment.data.gov.uk/flood-monitoring/id/measures/2497TH-level-stage-i-15_min----', 'parameter': 'level', 'parameterName': 'Water Level', 'period': 900, 'qualifier': 'Stage', 'unitName': '---'}, {'@id': 'http://environment.data.gov.uk/flood-monitoring/id/measures/2497TH-level-stage-i-15_min-mASD', 'parameter': 'level', 'parameterName': 'Water Level', 'period': 900, 'qualifier': 'Stage', 'unitName': 'mASD'}]",482715,Thames from Hurley to Teddington,Hurley,http://environment.data.gov.uk/flood-monitoring/id/stations/2497TH/downstageScale,-0.808421,2497TH,7156,184280,http://environment.data.gov.uk/flood-monitoring/id/stations/2497TH,2497TH,Hurley Lock
1985-01-01,River Thames,2702TH,http://environment.data.gov.uk/flood-monitoring/def/core/statusActive,51.438166,http://environment.data.gov.uk/flood-monitoring/id/stations/2702TH/stageScale,"[{'@id': 'http://environment.data.gov.uk/flood-monitoring/id/measures/2702TH-level-downstage-i-15_min-mASD', 'parameter': 'level', 'parameterName': 'Water Level', 'period': 900, 'qualifier': 'Downstream Stage', 'unitName': 'mASD'}, {'@id': 'http://environment.data.gov.uk/flood-monitoring/id/measures/2702TH-level-stage-i-15_min----', 'parameter': 'level', 'parameterName': 'Water Level', 'period': 900, 'qualifier': 'Stage', 'unitName': '---'}, {'@id': 'http://environment.data.gov.uk/flood-monitoring/id/measures/2702TH-level-stage-i-15_min-mASD', 'parameter': 'level', 'parameterName': 'Water Level', 'period': 900, 'qualifier': 'Stage', 'unitName': 'mASD'}]",501767,Thames from Hurley to Teddington,Hythe End,http://environment.data.gov.uk/flood-monitoring/id/stations/2702TH/downstageScale,-0.537257,2702TH,7171,172034,http://environment.data.gov.uk/flood-monitoring/id/stations/2702TH,2702TH,Bell Weir
1997-01-01,River Thames,1102TH,http://environment.data.gov.uk/flood-monitoring/def/core/statusActive,51.761748,http://environment.data.gov.uk/flood-monitoring/id/stations/1102TH/stageScale,"[{'@id': 'http://environment.data.gov.uk/flood-monitoring/id/measures/1102TH-level-downstage-i-15_min----', 'parameter': 'level', 'parameterName': 'Water Level', 'period': 900, 'qualifier': 'Downstream Stage', 'unitName': '---'}, {'@id': 'http://environment.data.gov.uk/flood-monitoring/id/measures/1102TH-level-downstage-i-15_min-mASD', 'parameter': 'level', 'parameterName': 'Water Level', 'period': 900, 'qualifier': 'Downstream Stage', 'unitName': 'mASD'}, {'@id': 'http://environment.data.gov.uk/flood-monitoring/id/measures/1102TH-level-stage-i-15_min----', 'parameter': 'level', 'parameterName': 'Water Level', 'period': 900, 'qualifier': 'Stage', 'unitName': '---'}, {'@id': 'http://environment.data.gov.uk/flood-monitoring/id/measures/1102TH-level-stage-i-15_min-mASD', 'parameter': 'level', 'parameterName': 'Water Level', 'period': 900, 'qualifier': 'Stage', 'unitName': 'mASD'}]",444100,Cotswolds,Farmoor,http://environment.data.gov.uk/flood-monitoring/id/stations/1102TH/downstageScale,-1.362413,1102TH,7048,207200,http://environment.data.gov.uk/flood-monitoring/id/stations/1102TH,1102TH,Pinkhill Lock
2001-01-01,River Thames,2698TH,http://environment.data.gov.uk/flood-monitoring/def/core/statusActive,51.491873,http://environment.data.gov.uk/flood-monitoring/id/stations/2698TH/stageScale,"[{'@id': 'http://environment.data.gov.uk/flood-monitoring/id/measures/2698TH-level-downstage-i-15_min-mASD', 'parameter': 'level', 'parameterName': 'Water Level', 'period': 900, 'qualifier': 'Downstream Stage', 'unitName': 'mASD'}, {'@id': 'http://environment.data.gov.uk/flood-monitoring/id/measures/2698TH-level-stage-i-15_min-mASD', 'parameter': 'level', 'parameterName': 'Water Level', 'period': 900, 'qualifier': 'Stage', 'unitName': 'mASD'}]",497007,Thames from Hurley to Teddington,Eton,http://environment.data.gov.uk/flood-monitoring/id/stations/2698TH/downstageScale,-0.604104,2698TH,7169,177916,http://environment.data.gov.uk/flood-monitoring/id/stations/2698TH,2698TH,Romney Lock
1995-01-01,River Thames,2201TH,http://environment.data.gov.uk/flood-monitoring/def/core/statusActive,51.460811,http://environment.data.gov.uk/flood-monitoring/id/stations/2201TH/stageScale,"[{'@id': 'http://environment.data.gov.uk/flood-monitoring/id/measures/2201TH-level-downstage-i-15_min-mASD', 'parameter': 'level', 'parameterName': 'Water Level', 'period': 900, 'qualifier': 'Downstream Stage', 'unitName': 'mASD'}, {'@id': 'http://environment.data.gov.uk/flood-monitoring/id/measures/2201TH-level-stage-i-15_min-mASD', 'parameter': 'level', 'parameterName': 'Water Level', 'period': 900, 'qualifier': 'Stage', 'unitName': 'mASD'}]",472096,Cherwell Thame and Wye,Reading,http://environment.data.gov.uk/flood-monitoring/id/stations/2201TH/downstageScale,-0.963635,2201TH,7111,174047,http://environment.data.gov.uk/flood-monitoring/id/stations/2201TH,2201TH,Caversham Lock
2011-07-13,River Thames,1502TH,http://environment.data.gov.uk/flood-monitoring/def/core/statusActive,51.708312,http://environment.data.gov.uk/flood-monitoring/id/stations/1502TH/stageScale,"[{'@id': 'http://environment.data.gov.uk/flood-monitoring/id/measures/1502TH-level-downstage-i-15_min-mASD', 'parameter': 'level', 'parameterName': 'Water Level', 'period': 900, 'qualifier': 'Downstream Stage', 'unitName': 'mASD'}, {'@id': 'http://environment.data.gov.uk/flood-monitoring/id/measures/1502TH-level-stage-i-15_min-mASD', 'parameter': 'level', 'parameterName': 'Water Level', 'period': 900, 'qualifier': 'Stage', 'unitName': 'mASD'}]",453106,Cherwell Thame and Wye,Sandford-on-Thames,http://environment.data.gov.uk/flood-monitoring/id/stations/1502TH/downstageScale,-1.232825,1502TH,7405,201343,http://environment.data.gov.uk/flood-monitoring/id/stations/1502TH,1502TH,Sandford-on-Thames
1997-01-01,River Thames,2601TH,http://environment.data.gov.uk/flood-monitoring/def/core/statusActive,51.560993,http://environment.data.gov.uk/flood-monitoring/id/stations/2601TH/stageScale,"[{'@id': 'http://environment.data.gov.uk/flood-monitoring/id/measures/2601TH-level-downstage-i-15_min----', 'parameter': 'level', 'parameterName': 'Water Level', 'period': 900, 'qualifier': 'Downstream Stage', 'unitName': '---'}, {'@id': 'http://environment.data.gov.uk/flood-monitoring/id/measures/2601TH-level-downstage-i-15_min-mASD', 'parameter': 'level', 'parameterName': 'Water Level', 'period': 900, 'qualifier': 'Downstream Stage', 'unitName': 'mASD'}, {'@id': 'http://environment.data.gov.uk/flood-monitoring/id/measures/2601TH-level-stage-i-15_min----', 'parameter': 'level', 'parameterName': 'Water Level', 'period': 900, 'qualifier': 'Stage', 'unitName': '---'}, {'@id': 'http://environment.data.gov.uk/flood-monitoring/id/measures/2601TH-level-stage-i-15_min-mASD', 'parameter': 'level', 'parameterName': 'Water Level', 'period': 900, 'qualifier': 'Stage', 'unitName': 'mASD'}]",490585,Thames from Hurley to Teddington,Cookham,http://environment.data.gov.uk/flood-monitoring/id/stations/2601TH/downstageScale,-0.694635,2601TH,7162,185487,http://environment.data.gov.uk/flood-monitoring/id/stations/2601TH,2601TH,Cookham Lock
1995-01-01,River Thames,1303TH,http://environment.data.gov.uk/flood-monitoring/def/core/statusActive,51.74909,http://environment.data.gov.uk/flood-monitoring/id/stations/1303TH/stageScale,"[{'@id': 'http://environment.data.gov.uk/flood-monitoring/id/measures/1303TH-level-downstage-i-15_min-mASD', 'parameter': 'level', 'parameterName': 'Water Level', 'period': 900, 'qualifier': 'Downstream Stage', 'unitName': 'mASD'}, {'@id': 'http://environment.data.gov.uk/flood-monitoring/id/measures/1303TH-level-stage-i-15_min-mASD', 'parameter': 'level', 'parameterName': 'Water Level', 'period': 900, 'qualifier': 'Stage', 'unitName': 'mASD'}]",450300,Vale of White Horse,Botley,http://environment.data.gov.uk/flood-monitoring/id/stations/1303TH/downstageScale,-1.272781,1303TH,7057,205850,http://environment.data.gov.uk/flood-monitoring/id/stations/1303TH,1303TH,Osney Lock
2001-01-01,River Thames,2004TH,http://environment.data.gov.uk/flood-monitoring/def/core/statusActive,51.486605,http://environment.data.gov.uk/flood-monitoring/id/stations/2004TH/stageScale,"[{'@id': 'http://environment.data.gov.uk/flood-monitoring/id/measures/2004TH-level-downstage-i-15_min----', 'parameter': 'level', 'parameterName': 'Water Level', 'period': 900, 'qualifier': 'Downstream Stage', 'unitName': '---'}, {'@id': 'http://environment.data.gov.uk/flood-monitoring/id/measures/2004TH-level-downstage-i-15_min-mASD', 'parameter': 'level', 'parameterName': 'Water Level', 'period': 900, 'qualifier': 'Downstream Stage', 'unitName': 'mASD'}, {'@id': 'http://environment.data.gov.uk/flood-monitoring/id/measures/2004TH-level-stage-i-15_min----', 'parameter': 'level', 'parameterName': 'Water Level', 'period': 900, 'qualifier': 'Stage', 'unitName': '---'}, {'@id': 'http://environment.data.gov.uk/flood-monitoring/id/measures/2004TH-level-stage-i-15_min-mASD', 'parameter': 'level', 'parameterName': 'Water Level', 'period': 900, 'qualifier': 'Stage', 'unitName': 'mASD'}]",463360,Cherwell Thame and Wye,Pangbourne,http://environment.data.gov.uk/flood-monitoring/id/stations/2004TH/downstageScale,-1.088869,2004TH,7102,176800,http://environment.data.gov.uk/flood-monitoring/id/stations/2004TH,2004TH,Whitchurch Lock
1995-01-01,River Thames,2199TH,http://environment.data.gov.uk/flood-monitoring/def/core/statusActive,51.486033,http://environment.data.gov.uk/flood-monitoring/id/stations/2199TH/stageScale,"[{'@id': 'http://environment.data.gov.uk/flood-monitoring/id/measures/2199TH-level-downstage-i-15_min-mASD', 'parameter': 'level', 'parameterName': 'Water Level', 'period': 900, 'qualifier': 'Downstream Stage', 'unitName': 'mASD'}, {'@id': 'http://environment.data.gov.uk/flood-monitoring/id/measures/2199TH-level-stage-i-15_min----', 'parameter': 'level', 'parameterName': 'Water Level', 'period': 900, 'qualifier': 'Stage', 'unitName': '---'}, {'@id': 'http://environment.data.gov.uk/flood-monitoring/id/measures/2199TH-level-stage-i-15_min-mASD', 'parameter': 'level', 'parameterName': 'Water Level', 'period': 900, 'qualifier': 'Stage', 'unitName': 'mASD'}]",466778,Vale of White Horse,Mapledurham,http://environment.data.gov.uk/flood-monitoring/id/stations/2199TH/downstageScale,-1.039654,2199TH,7109,176780,http://environment.data.gov.uk/flood-monitoring/id/stations/2199TH,2199TH,Mapledurham Lock
1997-01-01,River Thames,1801TH,http://environment.data.gov.uk/flood-monitoring/def/core/statusActive,51.648617,http://environment.data.gov.uk/flood-monitoring/id/stations/1801TH/stageScale,"[{'@id': 'http://environment.data.gov.uk/flood-monitoring/id/measures/1801TH-level-downstage-i-15_min----', 'parameter': 'level', 'parameterName': 'Water Level', 'period': 900, 'qualifier': 'Downstream Stage', 'unitName': '---'}, {'@id': 'http://environment.data.gov.uk/flood-monitoring/id/measures/1801TH-level-downstage-i-15_min-mASD', 'parameter': 'level', 'parameterName': 'Water Level', 'period': 900, 'qualifier': 'Downstream Stage', 'unitName': 'mASD'}, {'@id': 'http://environment.data.gov.uk/flood-monitoring/id/measures/1801TH-level-stage-i-15_min----', 'parameter': 'level', 'parameterName': 'Water Level', 'period': 900, 'qualifier': 'Stage', 'unitName': '---'}, {'@id': 'http://environment.data.gov.uk/flood-monitoring/id/measures/1801TH-level-stage-i-15_min-mASD', 'parameter': 'level', 'parameterName': 'Water Level', 'period': 900, 'qualifier': 'Stage', 'unitName': 'mASD'}]",454699,Cherwell Thame and Wye,Long Wittenham,http://environment.data.gov.uk/flood-monitoring/id/stations/1801TH/downstageScale,-1.210808,1801TH,7085,194720,http://environment.data.gov.uk/flood-monitoring/id/stations/1801TH,1801TH,Clifton Lock
1990-01-01,River Thames,2900TH,http://environment.data.gov.uk/flood-monitoring/def/core/statusActive,51.431611,http://environment.data.gov.uk/flood-monitoring/id/stations/2900TH/stageScale,"[{'@id': 'http://environment.data.gov.uk/flood-monitoring/id/measures/2900TH-flow--Mean-15_min-m3_s', 'parameter': 'flow', 'parameterName': 'Flow', 'period': 900, 'qualifier': '', 'unitName': 'm3/s'}, {'@id': 'http://environment.data.gov.uk/flood-monitoring/id/measures/2900TH-level-stage-i-15_min-mASD', 'parameter': 'level', 'parameterName': 'Water Level', 'period': 900, 'qualifier': 'Stage', 'unitName': 'mASD'}]",503520,Thames from Hurley to Teddington,Staines,,-0.512248,2900TH,7213,171340,http://environment.data.gov.uk/flood-monitoring/id/stations/2900TH,2900TH,Staines
2000-12-01,River Thames,0903TH,http://environment.data.gov.uk/flood-monitoring/def/core/statusActive,51.698716,http://environment.data.gov.uk/flood-monitoring/id/stations/0903TH/stageScale,"[{'@id': 'http://environment.data.gov.uk/flood-monitoring/id/measures/0903TH-level-downstage-i-15_min----', 'parameter': 'level', 'parameterName': 'Water Level', 'period': 900, 'qualifier': 'Downstream Stage', 'unitName': '---'}, {'@id': 'http://environment.data.gov.uk/flood-monitoring/id/measures/0903TH-level-downstage-i-15_min-mASD', 'parameter': 'level', 'parameterName': 'Water Level', 'period': 900, 'qualifier': 'Downstream Stage', 'unitName': 'mASD'}, {'@id': 'http://environment.data.gov.uk/flood-monitoring/id/measures/0903TH-level-stage-i-15_min----', 'parameter': 'level', 'parameterName': 'Water Level', 'period': 900, 'qualifier': 'Stage', 'unitName': '---'}, {'@id': 'http://environment.data.gov.uk/flood-monitoring/id/measures/0903TH-level-stage-i-15_min-mASD', 'parameter': 'level', 'parameterName': 'Water Level', 'period': 900, 'qualifier': 'Stage', 'unitName': 'mASD'}]",432300,Cotswolds,Carswell Marsh,http://environment.data.gov.uk/flood-monitoring/id/stations/0903TH/downstageScale,-1.534037,0903TH,7037,200100,http://environment.data.gov.uk/flood-monitoring/id/stations/0903TH,0903TH,Rushey Lock
2001-01-01,River Thames,2703TH,http://environment.data.gov.uk/flood-monitoring/def/core/statusActive,51.463198,http://environment.data.gov.uk/flood-monitoring/id/stations/2703TH/stageScale,"[{'@id': 'http://environment.data.gov.uk/flood-monitoring/id/measures/2703TH-level-downstage-i-15_min-mASD', 'parameter': 'level', 'parameterName': 'Water Level', 'period': 900, 'qualifier': 'Downstream Stage', 'unitName': 'mASD'}, {'@id': 'http://environment.data.gov.uk/flood-monitoring/id/measures/2703TH-level-stage-i-15_min-mASD', 'parameter': 'level', 'parameterName': 'Water Level', 'period': 900, 'qualifier': 'Stage', 'unitName': 'mASD'}]",499501,Thames from Hurley to Teddington,Old Windsor,http://environment.data.gov.uk/flood-monitoring/id/stations/2703TH/downstageScale,-0.569077,2703TH,7172,174774,http://environment.data.gov.uk/flood-monitoring/id/stations/2703TH,2703TH,Old Windsor Lock
1995-01-01,River Thames,1799TH,http://environment.data.gov.uk/flood-monitoring/def/core/statusActive,51.6506,http://environment.data.gov.uk/flood-monitoring/id/stations/1799TH/stageScale,"[{'@id': 'http://environment.data.gov.uk/flood-monitoring/id/measures/1799TH-level-downstage-i-15_min-mASD', 'parameter': 'level', 'parameterName': 'Water Level', 'period': 900, 'qualifier': 'Downstream Stage', 'unitName': 'mASD'}, {'@id': 'http://environment.data.gov.uk/flood-monitoring/id/measures/1799TH-level-stage-i-15_min-mASD', 'parameter': 'level', 'parameterName': 'Water Level', 'period': 900, 'qualifier': 'Stage', 'unitName': 'mASD'}]",450800,Cherwell Thame and Wye,Culham,http://environment.data.gov.uk/flood-monitoring/id/stations/1799TH/downstageScale,-1.267131,1799TH,7083,194900,http://environment.data.gov.uk/flood-monitoring/id/stations/1799TH,1799TH,Culham Lock
1995-01-01,River Thames,2001TH,http://environment.data.gov.uk/flood-monitoring/def/core/statusActive,51.617191,http://environment.data.gov.uk/flood-monitoring/id/stations/2001TH/stageScale,"[{'@id': 'http://environment.data.gov.uk/flood-monitoring/id/measures/2001TH-level-downstage-i-15_min----', 'parameter': 'level', 'parameterName': 'Water Level', 'period': 900, 'qualifier': 'Downstream Stage', 'unitName': '---'}, {'@id': 'http://environment.data.gov.uk/flood-monitoring/id/measures/2001TH-level-downstage-i-15_min-mASD', 'parameter': 'level', 'parameterName': 'Water Level', 'period': 900, 'qualifier': 'Downstream Stage', 'unitName': 'mASD'}, {'@id': 'http://environment.data.gov.uk/flood-monitoring/id/measures/2001TH-level-stage-i-15_min----', 'parameter': 'level', 'parameterName': 'Water Level', 'period': 900, 'qualifier': 'Stage', 'unitName': '---'}, {'@id': 'http://environment.data.gov.uk/flood-monitoring/id/measures/2001TH-level-stage-i-15_min-mASD', 'parameter': 'level', 'parameterName': 'Water Level', 'period': 900, 'qualifier': 'Stage', 'unitName': 'mASD'}]",461300,Vale of White Horse,Benson,http://environment.data.gov.uk/flood-monitoring/id/stations/2001TH/downstageScale,-1.116011,2001TH,7099,191300,http://environment.data.gov.uk/flood-monitoring/id/stations/2001TH,2001TH,Benson Lock
1990-01-01,River Thames,3100TH,http://environment.data.gov.uk/flood-monitoring/def/core/statusActive,51.3919,http://environment.data.gov.uk/flood-monitoring/id/stations/3100TH/stageScale,"[{'@id': 'http://environment.data.gov.uk/flood-monitoring/id/measures/3100TH-flow--i-15_min----', 'parameter': 'flow', 'parameterName': 'Flow', 'period': 900, 'qualifier': '', 'unitName': '---'}, {'@id': 'http://environment.data.gov.uk/flood-monitoring/id/measures/3100TH-flow--i-15_min-m3_s', 'parameter': 'flow', 'parameterName': 'Flow', 'period': 900, 'qualifier': '', 'unitName': 'm3/s'}, {'@id': 'http://environment.data.gov.uk/flood-monitoring/id/measures/3100TH-level-stage-i-15_min----', 'parameter': 'level', 'parameterName': 'Water Level', 'period': 900, 'qualifier': 'Stage', 'unitName': '---'}, {'@id': 'http://environment.data.gov.uk/flood-monitoring/id/measures/3100TH-level-stage-i-15_min-m', 'parameter': 'level', 'parameterName': 'Water Level', 'period': 900, 'qualifier': 'Stage', 'unitName': 'm'}, {'@id': 'http://environment.data.gov.uk/flood-monitoring/id/measures/3100TH-level-stage-i-15_min-mASD', 'parameter': 'level', 'parameterName': 'Water Level', 'period': 900, 'qualifier': 'Stage', 'unitName': 'mASD'}]",509931,Thames from Hurley to Teddington,Walton-On-Thames,,-0.421389,3100TH,7244,167056,http://environment.data.gov.uk/flood-monitoring/id/stations/3100TH,3100TH,Walton
1985-01-01,River Thames,2904TH,http://environment.data.gov.uk/flood-monitoring/def/core/statusActive,51.382892,http://environment.data.gov.uk/flood-monitoring/id/stations/2904TH/stageScale,"[{'@id': 'http://environment.data.gov.uk/flood-monitoring/id/measures/2904TH-level-downstage-i-15_min----', 'parameter': 'level', 'parameterName': 'Water Level', 'period': 900, 'qualifier': 'Downstream Stage', 'unitName': '---'}, {'@id': 'http://environment.data.gov.uk/flood-monitoring/id/measures/2904TH-level-downstage-i-15_min-mASD', 'parameter': 'level', 'parameterName': 'Water Level', 'period': 900, 'qualifier': 'Downstream Stage', 'unitName': 'mASD'}, {'@id': 'http://environment.data.gov.uk/flood-monitoring/id/measures/2904TH-level-stage-i-15_min----', 'parameter': 'level', 'parameterName': 'Water Level', 'period': 900, 'qualifier': 'Stage', 'unitName': '---'}, {'@id': 'http://environment.data.gov.uk/flood-monitoring/id/measures/2904TH-level-stage-i-15_min-mASD', 'parameter': 'level', 'parameterName': 'Water Level', 'period': 900, 'qualifier': 'Stage', 'unitName': 'mASD'}]",507400,Thames from Hurley to Teddington,Weybridge,http://environment.data.gov.uk/flood-monitoring/id/stations/2904TH/downstageScale,-0.458071,2904TH,7216,166000,http://environment.data.gov.uk/flood-monitoring/id/stations/2904TH,2904TH,Shepperton Lock
1994-01-01,River Thames,0569TH,http://environment.data.gov.uk/flood-monitoring/def/core/statusActive,51.663588,http://environment.data.gov.uk/flood-monitoring/id/stations/0569TH/stageScale,"[{'@id': 'http://environment.data.gov.uk/flood-monitoring/id/measures/0569TH-level-stage-i-15_min-mASD', 'parameter': 'level', 'parameterName': 'Water Level', 'period': 900, 'qualifier': 'Stage', 'unitName': 'mASD'}]",417410,Cotswolds,Hannington Wick,,-1.749677,0569TH,7024,196120,http://environment.data.gov.uk/flood-monitoring/id/stations/0569TH,0569TH,Hannington Bridge
1997-01-01,River Thames,1503TH,http://environment.data.gov.uk/flood-monitoring/def/core/statusActive,51.670388,http://environment.data.gov.uk/flood-monitoring/id/stations/1503TH/stageScale,"[{'@id': 'http://environment.data.gov.uk/flood-monitoring/id/measures/1503TH-level-downstage-i-15_min----', 'parameter': 'level', 'parameterName': 'Water Level', 'period': 900, 'qualifier': 'Downstream Stage', 'unitName': '---'}, {'@id': 'http://environment.data.gov.uk/flood-monitoring/id/measures/1503TH-level-downstage-i-15_min-mASD', 'parameter': 'level', 'parameterName': 'Water Level', 'period': 900, 'qualifier': 'Downstream Stage', 'unitName': 'mASD'}, {'@id': 'http://environment.data.gov.uk/flood-monitoring/id/measures/1503TH-level-stage-i-15_min----', 'parameter': 'level', 'parameterName': 'Water Level', 'period': 900, 'qualifier': 'Stage', 'unitName': '---'}, {'@id': 'http://environment.data.gov.uk/flood-monitoring/id/measures/1503TH-level-stage-i-15_min-mASD', 'parameter': 'level', 'parameterName': 'Water Level', 'period': 900, 'qualifier': 'Stage', 'unitName': 'mASD'}]",450700,Cherwell Thame and Wye,Abingdon,http://environment.data.gov.uk/flood-monitoring/id/stations/1503TH/downstageScale,-1.268257,1503TH,7073,197100,http://environment.data.gov.uk/flood-monitoring/id/stations/1503TH,1503TH,Abingdon Lock
1994-01-01,River Thames,2602TH,http://environment.data.gov.uk/flood-monitoring/def/core/statusActive,51.532713,http://environment.data.gov.uk/flood-monitoring/id/stations/2602TH/stageScale,"[{'@id': 'http://environment.data.gov.uk/flood-monitoring/id/measures/2602TH-level-downstage-i-15_min----', 'parameter': 'level', 'parameterName': 'Water Level', 'period': 900, 'qualifier': 'Downstream Stage', 'unitName': '---'}, {'@id': 'http://environment.data.gov.uk/flood-monitoring/id/measures/2602TH-level-downstage-i-15_min-mASD', 'parameter': 'level', 'parameterName': 'Water Level', 'period': 900, 'qualifier': 'Downstream Stage', 'unitName': 'mASD'}, {'@id': 'http://environment.data.gov.uk/flood-monitoring/id/measures/2602TH-level-stage-i-15_min----', 'parameter': 'level', 'parameterName': 'Water Level', 'period': 900, 'qualifier': 'Stage', 'unitName': '---'}, {'@id': 'http://environment.data.gov.uk/flood-monitoring/id/measures/2602TH-level-stage-i-15_min-mASD', 'parameter': 'level', 'parameterName': 'Water Level', 'period': 900, 'qualifier': 'Stage', 'unitName': 'mASD'}]",490306,Thames from Hurley to Teddington,Taplow,http://environment.data.gov.uk/flood-monitoring/id/stations/2602TH/downstageScale,-0.699466,2602TH,7163,182336,http://environment.data.gov.uk/flood-monitoring/id/stations/2602TH,2602TH,Boulters Lock
1999-01-01,River Thames,1201TH,http://environment.data.gov.uk/flood-monitoring/def/core/statusActive,51.774692,http://environment.data.gov.uk/flood-monitoring/id/stations/1201TH/stageScale,"[{'@id': 'http://environment.data.gov.uk/flood-monitoring/id/measures/1201TH-level-downstage-i-15_min----', 'parameter': 'level', 'parameterName': 'Water Level', 'period': 900, 'qualifier': 'Downstream Stage', 'unitName': '---'}, {'@id': 'http://environment.data.gov.uk/flood-monitoring/id/measures/1201TH-level-downstage-i-15_min-mASD', 'parameter': 'level', 'parameterName': 'Water Level', 'period': 900, 'qualifier': 'Downstream Stage', 'unitName': 'mASD'}, {'@id': 'http://environment.data.gov.uk/flood-monitoring/id/measures/1201TH-level-stage-i-15_min----', 'parameter': 'level', 'parameterName': 'Water Level', 'period': 900, 'qualifier': 'Stage', 'unitName': '---'}, {'@id': 'http://environment.data.gov.uk/flood-monitoring/id/measures/1201TH-level-stage-i-15_min-mASD', 'parameter': 'level', 'parameterName': 'Water Level', 'period': 900, 'qualifier': 'Stage', 'unitName': 'mASD'}]",444471,Vale of White Horse,Swinford,http://environment.data.gov.uk/flood-monitoring/id/stations/1201TH/downstageScale,-1.356854,1201TH,7049,208643,http://environment.data.gov.uk/flood-monitoring/id/stations/1201TH,1201TH,Eynsham Lock
2003-01-01,River Thames,3104TH,http://environment.data.gov.uk/flood-monitoring/def/core/statusActive,51.393384,http://environment.data.gov.uk/flood-monitoring/id/stations/3104TH/stageScale,"[{'@id': 'http://environment.data.gov.uk/flood-monitoring/id/measures/3104TH-level-stage-i-15_min-mAOD', 'parameter': 'level', 'parameterName': 'Water Level', 'period': 900, 'qualifier': 'Stage', 'unitName': 'mAOD'}]",516200,Thames from Hurley to Teddington,Long Ditton,,-0.331228,3104TH,7246,167360,http://environment.data.gov.uk/flood-monitoring/id/stations/3104TH,3104TH,Thames Ditton Island
2005-01-01,River Thames,1899TH,http://environment.data.gov.uk/flood-monitoring/def/core/statusActive,51.638206,http://environment.data.gov.uk/flood-monitoring/id/stations/1899TH/stageScale,"[{'@id': 'http://environment.data.gov.uk/flood-monitoring/id/measures/1899TH-level-downstage-i-15_min----', 'parameter': 'level', 'parameterName': 'Water Level', 'period': 900, 'qualifier': 'Downstream Stage', 'unitName': '---'}, {'@id': 'http://environment.data.gov.uk/flood-monitoring/id/measures/1899TH-level-downstage-i-15_min-mASD', 'parameter': 'level', 'parameterName': 'Water Level', 'period': 900, 'qualifier': 'Downstream Stage', 'unitName': 'mASD'}, {'@id': 'http://environment.data.gov.uk/flood-monitoring/id/measures/1899TH-level-stage-i-15_min----', 'parameter': 'level', 'parameterName': 'Water Level', 'period': 900, 'qualifier': 'Stage', 'unitName': '---'}, {'@id': 'http://environment.data.gov.uk/flood-monitoring/id/measures/1899TH-level-stage-i-15_min-mASD', 'parameter': 'level', 'parameterName': 'Water Level', 'period': 900, 'qualifier': 'Stage', 'unitName': 'mASD'}]",456882,Cherwell Thame and Wye,Little Wittenham,http://environment.data.gov.uk/flood-monitoring/id/stations/1899TH/downstageScale,-1.179444,1899TH,7086,193586,http://environment.data.gov.uk/flood-monitoring/id/stations/1899TH,1899TH,Days Lock
1995-01-01,River Thames,2495TH,http://environment.data.gov.uk/flood-monitoring/def/core/statusActive,51.528776,http://environment.data.gov.uk/flood-monitoring/id/stations/2495TH/stageScale,"[{'@id': 'http://environment.data.gov.uk/flood-monitoring/id/measures/2495TH-level-downstage-i-15_min----', 'parameter': 'level', 'parameterName': 'Water Level', 'period': 900, 'qualifier': 'Downstream Stage', 'unitName': '---'}, {'@id': 'http://environment.data.gov.uk/flood-monitoring/id/measures/2495TH-level-downstage-i-15_min-mASD', 'parameter': 'level', 'parameterName': 'Water Level', 'period': 900, 'qualifier': 'Downstream Stage', 'unitName': 'mASD'}, {'@id': 'http://environment.data.gov.uk/flood-monitoring/id/measures/2495TH-level-stage-i-15_min----', 'parameter': 'level', 'parameterName': 'Water Level', 'period': 900, 'qualifier': 'Stage', 'unitName': '---'}, {'@id': 'http://environment.data.gov.uk/flood-monitoring/id/measures/2495TH-level-stage-i-15_min-mASD', 'parameter': 'level', 'parameterName': 'Water Level', 'period': 900, 'qualifier': 'Stage', 'unitName': 'mASD'}]",477395,Cherwell Thame and Wye,Harpsden,http://environment.data.gov.uk/flood-monitoring/id/stations/2495TH/downstageScale,-0.885703,2495TH,7155,181685,http://environment.data.gov.uk/flood-monitoring/id/stations/2495TH,2495TH,Marsh Lock
1978-01-01,River Thames,2700TH,http://environment.data.gov.uk/flood-monitoring/def/core/statusActive,51.485795,http://environment.data.gov.uk/flood-monitoring/id/stations/2700TH/stageScale,"[{'@id': 'http://environment.data.gov.uk/flood-monitoring/id/measures/2700TH-flow--Mean-15_min-m3_s', 'parameter': 'flow', 'parameterName': 'Flow', 'period': 900, 'qualifier': '', 'unitName': 'm3/s'}, {'@id': 'http://environment.data.gov.uk/flood-monitoring/id/measures/2700TH-flow--i-15_min-m3_s', 'parameter': 'flow', 'parameterName': 'Flow', 'period': 900, 'qualifier': '', 'unitName': 'm3/s'}, {'@id': 'http://environment.data.gov.uk/flood-monitoring/id/measures/2700TH-level-stage-i-15_min-mASD', 'parameter': 'level', 'parameterName': 'Water Level', 'period': 900, 'qualifier': 'Stage', 'unitName': 'mASD'}]",498060,Thames from Hurley to Teddington,Datchet,,-0.589124,2700TH,7170,177260,http://environment.data.gov.uk/flood-monitoring/id/stations/2700TH,2700TH,Windsor Park
1995-01-01,River Thames,0898TH,http://environment.data.gov.uk/flood-monitoring/def/core/statusActive,51.68119,http://environment.data.gov.uk/flood-monitoring/id/stations/0898TH/stageScale,"[{'@id': 'http://environment.data.gov.uk/flood-monitoring/id/measures/0898TH-level-downstage-i-15_min----', 'parameter': 'level', 'parameterName': 'Water Level', 'period': 900, 'qualifier': 'Downstream Stage', 'unitName': '---'}, {'@id': 'http://environment.data.gov.uk/flood-monitoring/id/measures/0898TH-level-downstage-i-15_min-mASD', 'parameter': 'level', 'parameterName': 'Water Level', 'period': 900, 'qualifier': 'Downstream Stage', 'unitName': 'mASD'}, {'@id': 'http://environment.data.gov.uk/flood-monitoring/id/measures/0898TH-level-stage-i-15_min-mASD', 'parameter': 'level', 'parameterName': 'Water Level', 'period': 900, 'qualifier': 'Stage', 'unitName': 'mASD'}]",423000,Cotswolds,Buscot,http://environment.data.gov.uk/flood-monitoring/id/stations/0898TH/downstageScale,-1.668729,0898TH,7034,198100,http://environment.data.gov.uk/flood-monitoring/id/stations/0898TH,0898TH,Buscot Lock
1991-01-01,River Thames,1100TH,http://environment.data.gov.uk/flood-monitoring/def/core/statusActive,51.757544,http://environment.data.gov.uk/flood-monitoring/id/stations/1100TH/stageScale,"[{'@id': 'http://environment.data.gov.uk/flood-monitoring/id/measures/1100TH-flow--Mean-15_min-m3_s', 'parameter': 'flow', 'parameterName': 'Flow', 'period': 900, 'qualifier': '', 'unitName': 'm3/s'}, {'@id': 'http://environment.data.gov.uk/flood-monitoring/id/measures/1100TH-level-stage-i-15_min-mASD', 'parameter': 'level', 'parameterName': 'Water Level', 'period': 900, 'qualifier': 'Stage', 'unitName': 'mASD'}]",443830,Cotswolds,Farmoor,,-1.366384,1100TH,7047,206730,http://environment.data.gov.uk/flood-monitoring/id/stations/1100TH,1100TH,Farmoor
1985-01-01,River Thames,2901TH,http://environment.data.gov.uk/flood-monitoring/def/core/statusActive,51.414528,http://environment.data.gov.uk/flood-monitoring/id/stations/2901TH/stageScale,"[{'@id': 'http://environment.data.gov.uk/flood-monitoring/id/measures/2901TH-level-downstage-i-15_min----', 'parameter': 'level', 'parameterName': 'Water Level', 'period': 900, 'qualifier': 'Downstream Stage', 'unitName': '---'}, {'@id': 'http://environment.data.gov.uk/flood-monitoring/id/measures/2901TH-level-downstage-i-15_min-mASD', 'parameter': 'level', 'parameterName': 'Water Level', 'period': 900, 'qualifier': 'Downstream Stage', 'unitName': 'mASD'}, {'@id': 'http://environment.data.gov.uk/flood-monitoring/id/measures/2901TH-level-stage-i-15_min----', 'parameter': 'level', 'parameterName': 'Water Level', 'period': 900, 'qualifier': 'Stage', 'unitName': '---'}, {'@id': 'http://environment.data.gov.uk/flood-monitoring/id/measures/2901TH-level-stage-i-15_min-mASD', 'parameter': 'level', 'parameterName': 'Water Level', 'period': 900, 'qualifier': 'Stage', 'unitName': 'mASD'}]",504429,Thames from Hurley to Teddington,Laleham,http://environment.data.gov.uk/flood-monitoring/id/stations/2901TH/downstageScale,-0.499731,2901TH,7214,169458,http://environment.data.gov.uk/flood-monitoring/id/stations/2901TH,2901TH,Penton Hook
2002-01-01,River Thames,0904TH,http://environment.data.gov.uk/flood-monitoring/def/core/statusActive,51.70718,http://environment.data.gov.uk/flood-monitoring/id/stations/0904TH/stageScale,"[{'@id': 'http://environment.data.gov.uk/flood-monitoring/id/measures/0904TH-level-downstage-i-15_min----', 'parameter': 'level', 'parameterName': 'Water Level', 'period': 900, 'qualifier': 'Downstream Stage', 'unitName': '---'}, {'@id': 'http://environment.data.gov.uk/flood-monitoring/id/measures/0904TH-level-downstage-i-15_min-mASD', 'parameter': 'level', 'parameterName': 'Water Level', 'period': 900, 'qualifier': 'Downstream Stage', 'unitName': 'mASD'}, {'@id': 'http://environment.data.gov.uk/flood-monitoring/id/measures/0904TH-level-stage-i-15_min----', 'parameter': 'level', 'parameterName': 'Water Level', 'period': 900, 'qualifier': 'Stage', 'unitName': '---'}, {'@id': 'http://environment.data.gov.uk/flood-monitoring/id/measures/0904TH-level-stage-i-15_min-mASD', 'parameter': 'level', 'parameterName': 'Water Level', 'period': 900, 'qualifier': 'Stage', 'unitName': 'mASD'}]",437051,Vale of White Horse,Shifford,http://environment.data.gov.uk/flood-monitoring/id/stations/0904TH/downstageScale,-1.465193,0904TH,7038,201074,http://environment.data.gov.uk/flood-monitoring/id/stations/0904TH,0904TH,Shifford Lock
2000-01-01,River Thames,1301TH,http://environment.data.gov.uk/flood-monitoring/def/core/statusActive,51.789307,http://environment.data.gov.uk/flood-monitoring/id/stations/1301TH/stageScale,"[{'@id': 'http://environment.data.gov.uk/flood-monitoring/id/measures/1301TH-level-downstage-i-15_min----', 'parameter': 'level', 'parameterName': 'Water Level', 'period': 900, 'qualifier': 'Downstream Stage', 'unitName': '---'}, {'@id': 'http://environment.data.gov.uk/flood-monitoring/id/measures/1301TH-level-downstage-i-15_min-mASD', 'parameter': 'level', 'parameterName': 'Water Level', 'period': 900, 'qualifier': 'Downstream Stage', 'unitName': 'mASD'}, {'@id': 'http://environment.data.gov.uk/flood-monitoring/id/measures/1301TH-level-stage-i-15_min----', 'parameter': 'level', 'parameterName': 'Water Level', 'period': 900, 'qualifier': 'Stage', 'unitName': '---'}, {'@id': 'http://environment.data.gov.uk/flood-monitoring/id/measures/1301TH-level-stage-i-15_min-mASD', 'parameter': 'level', 'parameterName': 'Water Level', 'period': 900, 'qualifier': 'Stage', 'unitName': 'mASD'}]",447900,Vale of White Horse,Wolvercote,http://environment.data.gov.uk/flood-monitoring/id/stations/1301TH/downstageScale,-1.306931,1301TH,7055,210300,http://environment.data.gov.uk/flood-monitoring/id/stations/1301TH,1301TH,Kings Lock
2002-02-12,River Thames,2499TH,http://environment.data.gov.uk/flood-monitoring/def/core/statusActive,51.567382,http://environment.data.gov.uk/flood-monitoring/id/stations/2499TH/stageScale,"[{'@id': 'http://environment.data.gov.uk/flood-monitoring/id/measures/2499TH-level-downstage-i-15_min----', 'parameter': 'level', 'parameterName': 'Water Level', 'period': 900, 'qualifier': 'Downstream Stage', 'unitName': '---'}, {'@id': 'http://environment.data.gov.uk/flood-monitoring/id/measures/2499TH-level-downstage-i-15_min-mASD', 'parameter': 'level', 'parameterName': 'Water Level', 'period': 900, 'qualifier': 'Downstream Stage', 'unitName': 'mASD'}, {'@id': 'http://environment.data.gov.uk/flood-monitoring/id/measures/2499TH-level-stage-i-15_min----', 'parameter': 'level', 'parameterName': 'Water Level', 'period': 900, 'qualifier': 'Stage', 'unitName': '---'}, {'@id': 'http://environment.data.gov.uk/flood-monitoring/id/measures/2499TH-level-stage-i-15_min-mASD', 'parameter': 'level', 'parameterName': 'Water Level', 'period': 900, 'qualifier': 'Stage', 'unitName': 'mASD'}]",485406,Thames from Hurley to Teddington,Marlow,http://environment.data.gov.uk/flood-monitoring/id/stations/2499TH/downstageScale,-0.769176,2499TH,7396,186108,http://environment.data.gov.uk/flood-monitoring/id/stations/2499TH,2499TH,Marlow Lock
1995-01-01,River Thames,2002TH,http://environment.data.gov.uk/flood-monitoring/def/core/statusActive,51.529995,http://environment.data.gov.uk/flood-monitoring/id/stations/2002TH/stageScale,"[{'@id': 'http://environment.data.gov.uk/flood-monitoring/id/measures/2002TH-level-downstage-i-15_min-mASD', 'parameter': 'level', 'parameterName': 'Water Level', 'period': 900, 'qualifier': 'Downstream Stage', 'unitName': 'mASD'}, {'@id': 'http://environment.data.gov.uk/flood-monitoring/id/measures/2002TH-level-stage-i-15_min----', 'parameter': 'level', 'parameterName': 'Water Level', 'period': 900, 'qualifier': 'Stage', 'unitName': '---'}, {'@id': 'http://environment.data.gov.uk/flood-monitoring/id/measures/2002TH-level-stage-i-15_min-mASD', 'parameter': 'level', 'parameterName': 'Water Level', 'period': 900, 'qualifier': 'Stage', 'unitName': 'mASD'}]",460035,Cherwell Thame and Wye,Goring,http://environment.data.gov.uk/flood-monitoring/id/stations/2002TH/downstageScale,-1.135937,2002TH,7100,181586,http://environment.data.gov.uk/flood-monitoring/id/stations/2002TH,2002TH,Cleeve Lock
2001-01-01,River Thames,0144TH,http://environment.data.gov.uk/flood-monitoring/def/core/statusActive,51.650724,http://environment.data.gov.uk/flood-monitoring/id/stations/0144TH/stageScale,"[{'@id': 'http://environment.data.gov.uk/flood-monitoring/id/measures/0144TH-level-stage-i-15_min-mASD', 'parameter': 'level', 'parameterName': 'Water Level', 'period': 900, 'qualifier': 'Stage', 'unitName': 'mASD'}]",401960,Cotswolds,Somerford Keynes,,-1.973061,0144TH,7011,194660,http://environment.data.gov.uk/flood-monitoring/id/stations/0144TH,0144TH,Somerford Keynes
1985-01-01,River Thames,3101TH,http://environment.data.gov.uk/flood-monitoring/def/core/statusActive,51.399708,http://environment.data.gov.uk/flood-monitoring/id/stations/3101TH/stageScale,"[{'@id': 'http://environment.data.gov.uk/flood-monitoring/id/measures/3101TH-level-downstage-i-15_min-mASD', 'parameter': 'level', 'parameterName': 'Water Level', 'period': 900, 'qualifier': 'Downstream Stage', 'unitName': 'mASD'}, {'@id': 'http://environment.data.gov.uk/flood-monitoring/id/measures/3101TH-level-stage-i-15_min-mASD', 'parameter': 'level', 'parameterName': 'Water Level', 'period': 900, 'qualifier': 'Stage', 'unitName': 'mASD'}]",510315,Thames from Hurley to Teddington,Sunbury,http://environment.data.gov.uk/flood-monitoring/id/stations/3101TH/downstageScale,-0.4156,3101TH,7245,167933,http://environment.data.gov.uk/flood-monitoring/id/stations/3101TH,3101TH,Sunbury  Lock
2002-01-01,River Thames,0901TH,http://environment.data.gov.uk/flood-monitoring/def/core/statusActive,51.690894,http://environment.data.gov.uk/flood-monitoring/id/stations/0901TH/stageScale,"[{'@id': 'http://environment.data.gov.uk/flood-monitoring/id/measures/0901TH-level-downstage-i-15_min----', 'parameter': 'level', 'parameterName': 'Water Level', 'period': 900, 'qualifier': 'Downstream Stage', 'unitName': '---'}, {'@id': 'http://environment.data.gov.uk/flood-monitoring/id/measures/0901TH-level-downstage-i-15_min-mASD', 'parameter': 'level', 'parameterName': 'Water Level', 'period': 900, 'qualifier': 'Downstream Stage', 'unitName': 'mASD'}, {'@id': 'http://environment.data.gov.uk/flood-monitoring/id/measures/0901TH-level-stage-i-15_min----', 'parameter': 'level', 'parameterName': 'Water Level', 'period': 900, 'qualifier': 'Stage', 'unitName': '---'}, {'@id': 'http://environment.data.gov.uk/flood-monitoring/id/measures/0901TH-level-stage-i-15_min-mASD', 'parameter': 'level', 'parameterName': 'Water Level', 'period': 900, 'qualifier': 'Stage', 'unitName': 'mASD'}]",427200,Vale of White Horse,Eaton Hastings,http://environment.data.gov.uk/flood-monitoring/id/stations/0901TH/downstageScale,-1.607898,0901TH,7035,199200,http://environment.data.gov.uk/flood-monitoring/id/stations/0901TH,0901TH,Grafton Lock
1995-01-01,River Thames,2301TH,http://environment.data.gov.uk/flood-monitoring/def/core/statusActive,51.473138,http://environment.data.gov.uk/flood-monitoring/id/stations/2301TH/stageScale,"[{'@id': 'http://environment.data.gov.uk/flood-monitoring/id/measures/2301TH-level-downstage-i-15_min-mASD', 'parameter': 'level', 'parameterName': 'Water Level', 'period': 900, 'qualifier': 'Downstream Stage', 'unitName': 'mASD'}, {'@id': 'http://environment.data.gov.uk/flood-monitoring/id/measures/2301TH-level-stage-i-15_min-mASD', 'parameter': 'level', 'parameterName': 'Water Level', 'period': 900, 'qualifier': 'Stage', 'unitName': 'mASD'}]",475265,Vale of White Horse,Sonning,http://environment.data.gov.uk/flood-monitoring/id/stations/2301TH/downstageScale,-0.917727,2301TH,7132,175464,http://environment.data.gov.uk/flood-monitoring/id/stations/2301TH,2301TH,Sonning Lock
